{"0": 64.79741819899881, "1": 65.75780986214757, "2": 65.67208457003443, "3": 64.43335028536137, "4": 62.345333143033514, "5": 65.3019686815113, "6": 63.772561915069346, "7": 65.81344323197375, "8": 62.339153699331476, "9": 64.98425424014245, "10": 65.61631488370551, "11": 65.64934693219425, "12": 66.2310905745797, "13": 64.55501647376664, "14": 65.77263774087604, "15": 66.43499476443957, "16": 65.60248714634916, "17": 65.64675896682667, "18": 64.81224974074645, "19": 63.25334414916828, "20": 64.60828581338508, "21": 64.95730302843437, "22": 64.29325405270014, "23": 63.30963634444839}