{"Friday": 64.26284874817438, "Monday": 65.40405823475037, "Saturday": 64.32311832747881, "Sunday": 64.12049782708361, "Thursday": 64.41853503839147, "Tuesday": 65.07393624423297, "Wednesday": 66.13696301293292}